Pid,Name,Query
230765.156074.66EA81FE0710E584.26DCA022C55D334B.17593405982433,TEMU 26pcs Silicone Daisy Beads Set,silicone daisy beads
230765.156074.66EA81FE0710E584.26DCA022C55D334B.17593405982433,TEMU 26pcs Silicone Daisy Beads Set,daisy bead making kit for keychains and bracelets
230765.156074.66EA81FE0710E584.26DCA022C55D334B.17593405982433,TEMU 26pcs Silicone Daisy Beads Set,TEMU 26pcs silicone daisy crafting beads set for handmade accessories and jewelry making
178866.156074.820F1205554371C6.94435B3E5252BCDA.COM9781797211275NEW,This Annoying Home Life: A Mindless Coloring Book for the Super Stressed,annoying life coloring book
178866.156074.820F1205554371C6.94435B3E5252BCDA.COM9781797211275NEW,This Annoying Home Life: A Mindless Coloring Book for the Super Stressed,stress relief coloring book for adults
178866.156074.820F1205554371C6.94435B3E5252BCDA.COM9781797211275NEW,This Annoying Home Life: A Mindless Coloring Book for the Super Stressed,mindless adult coloring book for stress and anxiety with sarcastic humor
178866.156074.820F1205554371C6.BF3F547DC44EC644.COM9780553265408USED,A February Face,a february face book
178866.156074.820F1205554371C6.BF3F547DC44EC644.COM9780553265408USED,A February Face,poetic novel A February Face
178866.156074.820F1205554371C6.BF3F547DC44EC644.COM9780553265408USED,A February Face,A February Face coming-of-age fiction book with emotional themes
159390.1.5EDD.B3A17A41A080BDA.US-10292524WH-5-AI24,"Puma Man T-shirt Black Size M Cotton, Polyester",black puma t-shirt
159390.1.5EDD.B3A17A41A080BDA.US-10292524WH-5-AI24,"Puma Man T-shirt Black Size M Cotton, Polyester",puma men's black cotton t-shirt size M
159390.1.5EDD.B3A17A41A080BDA.US-10292524WH-5-AI24,"Puma Man T-shirt Black Size M Cotton, Polyester",medium size Puma black men’s t-shirt in cotton-polyester blend for casual wear
159390.1.5EDD.7568CF40E1FC370A.US-30284883TO-3-AI24,"Cos Woman Pants Midnight blue Size 4 Organic cotton, Polyamide, Elastane",cos midnight blue pants
159390.1.5EDD.7568CF40E1FC370A.US-30284883TO-3-AI24,"Cos Woman Pants Midnight blue Size 4 Organic cotton, Polyamide, Elastane",size 4 COS organic cotton blend women's trousers
159390.1.5EDD.7568CF40E1FC370A.US-30284883TO-3-AI24,"Cos Woman Pants Midnight blue Size 4 Organic cotton, Polyamide, Elastane",COS women's fitted pants in midnight blue with elastane blend size 4
230765.156074.9E8AD04DF5D4FE7B.3BC8878B87A0460E.17593138344643,TEMU 20pcs Low Temperature Soldering Rods,low temp solder rods
230765.156074.9E8AD04DF5D4FE7B.3BC8878B87A0460E.17593138344643,TEMU 20pcs Low Temperature Soldering Rods,TEMU metal soldering rods for copper and aluminum
230765.156074.9E8AD04DF5D4FE7B.3BC8878B87A0460E.17593138344643,TEMU 20pcs Low Temperature Soldering Rods,"non-toxic low temp solder rods for DIY repair on aluminum, copper, iron, stainless steel"
230765.156074.9E8AD04DF5D4FE7B.CFF09BDB285F3A65.17592856336143,TEMU Elegant Solid Color Women's Dress With Integrated Cape Shawl,cape shawl dress
230765.156074.9E8AD04DF5D4FE7B.CFF09BDB285F3A65.17592856336143,TEMU Elegant Solid Color Women's Dress With Integrated Cape Shawl,pleated polyester women's dress with cape
230765.156074.9E8AD04DF5D4FE7B.CFF09BDB285F3A65.17592856336143,TEMU Elegant Solid Color Women's Dress With Integrated Cape Shawl,elegant solid color women's dress with pleated design and integrated cape shawl
228963.156074.5BD1DE98FA94FFB1.F403820EFB11A4B5.19843938869,Iowa Hawkeyes Champion Women's Bella T-Shirt Small White,iowa hawkeyes shirt
228963.156074.5BD1DE98FA94FFB1.F403820EFB11A4B5.19843938869,Iowa Hawkeyes Champion Women's Bella T-Shirt Small White,women's champion t-shirt small white hawkeyes
228963.156074.5BD1DE98FA94FFB1.F403820EFB11A4B5.19843938869,Iowa Hawkeyes Champion Women's Bella T-Shirt Small White,small women's white Champion Bella t-shirt Iowa Hawkeyes NCAA apparel
178866.156074.820F1205554371C6.51D5532837F7ABB2.COM9781534495074USED,Baking Day!: Ready-to-Read Pre-Level 1 (Daniel Tiger's Neighborhood),daniel tiger baking day
178866.156074.820F1205554371C6.51D5532837F7ABB2.COM9781534495074USED,Baking Day!: Ready-to-Read Pre-Level 1 (Daniel Tiger's Neighborhood),baking day pre-level reader
178866.156074.820F1205554371C6.51D5532837F7ABB2.COM9781534495074USED,Baking Day!: Ready-to-Read Pre-Level 1 (Daniel Tiger's Neighborhood),Daniel Tiger's Neighborhood early reader Baking Day Pre-Level 1 book for kids
162510.2.8FC07D5199D7103.92298BFDF63CF2B6.SG668220,Chlo CH0225SK Asian Fit 002 Women's Sunglasses Tortoiseshell Size 55,chloe tortoiseshell sunglasses
162510.2.8FC07D5199D7103.92298BFDF63CF2B6.SG668220,Chlo CH0225SK Asian Fit 002 Women's Sunglasses Tortoiseshell Size 55,CH0225SK chloe women’s sunglasses asian fit
162510.2.8FC07D5199D7103.92298BFDF63CF2B6.SG668220,Chlo CH0225SK Asian Fit 002 Women's Sunglasses Tortoiseshell Size 55,Chloe CH0225SK tortoiseshell women’s sunglasses with 55mm lenses and Asian fit